-- MySQL dump 10.13  Distrib 5.5.29, for osx10.6 (i386)
--
-- Host: localhost    Database: toshiharu-imaeda_studio
-- ------------------------------------------------------
-- Server version	5.5.29

/*!40101 SET @OLD_CHARACTER_SET_CLIENT=@@CHARACTER_SET_CLIENT */;
/*!40101 SET @OLD_CHARACTER_SET_RESULTS=@@CHARACTER_SET_RESULTS */;
/*!40101 SET @OLD_COLLATION_CONNECTION=@@COLLATION_CONNECTION */;
/*!40101 SET NAMES utf8 */;
/*!40103 SET @OLD_TIME_ZONE=@@TIME_ZONE */;
/*!40103 SET TIME_ZONE='+00:00' */;
/*!40014 SET @OLD_UNIQUE_CHECKS=@@UNIQUE_CHECKS, UNIQUE_CHECKS=0 */;
/*!40014 SET @OLD_FOREIGN_KEY_CHECKS=@@FOREIGN_KEY_CHECKS, FOREIGN_KEY_CHECKS=0 */;
/*!40101 SET @OLD_SQL_MODE=@@SQL_MODE, SQL_MODE='NO_AUTO_VALUE_ON_ZERO' */;
/*!40111 SET @OLD_SQL_NOTES=@@SQL_NOTES, SQL_NOTES=0 */;

--
-- Table structure for table `accounts`
--

DROP TABLE IF EXISTS `accounts`;
/*!40101 SET @saved_cs_client     = @@character_set_client */;
/*!40101 SET character_set_client = utf8 */;
CREATE TABLE `accounts` (
  `id` int(11) NOT NULL AUTO_INCREMENT,
  `mailaddress` varchar(255) NOT NULL,
  `pass` varchar(255) NOT NULL,
  `name` varchar(100) NOT NULL,
  `introduction` varchar(3000) DEFAULT NULL,
  `sex` char(1) DEFAULT NULL,
  `birthday` date DEFAULT NULL,
  `studylog_count` int(11) DEFAULT NULL,
  `img_ext` varchar(30) DEFAULT NULL,
  `entry_flg` char(1) DEFAULT '0',
  PRIMARY KEY (`id`)
) ENGINE=InnoDB AUTO_INCREMENT=7 DEFAULT CHARSET=utf8;
/*!40101 SET character_set_client = @saved_cs_client */;

--
-- Dumping data for table `accounts`
--

LOCK TABLES `accounts` WRITE;
/*!40000 ALTER TABLE `accounts` DISABLE KEYS */;
INSERT INTO `accounts` VALUES (1,'dammy00@gmail.com','aG9nZWhvZ2U=','今枝稔晴','名古屋に住む専門学校生です。\nIT技術者になるべく、日々勉強しています。\n\n一緒に合格を目指しましょう！','0','1990-04-20',56,'.jpg','1'),(2,'dammy01@gmail.com','aG9nZWhvZ2U=','鈴木一郎','名古屋に住む専門学校生です。\nIT技術者になるべく、日々勉強しています。\n\n一緒に合格を目指しましょう！','0','1990-04-21',56,'.jpg','1'),(3,'dammy02@gmail.com','aG9nZWhvZ2U=','山田太郎','名古屋に住む専門学校生です。\nIT技術者になるべく、日々勉強しています。\n\n一緒に合格を目指しましょう！','0','1990-04-22',56,'.jpg','1'),(4,'dammy03@gmail.com','aG9nZWhvZ2U=','山田花子','名古屋に住む専門学校生です。\nIT技術者になるべく、日々勉強しています。\n\n一緒に合格を目指しましょう！','1','1990-04-23',56,'.jpg','1'),(5,'dammy04@gmail.com','aG9nZWhvZ2U=','藤森良','名古屋に住む専門学校生です。\nIT技術者になるべく、日々勉強しています。\n\n一緒に合格を目指しましょう！','0','1990-04-24',56,'.jpg','1'),(6,'dammy05@gmail.com','aG9nZWhvZ2U=','加藤大','名古屋に住む専門学校生です。\nIT技術者になるべく、日々勉強しています。\n\n一緒に合格を目指しましょう！','0','1990-04-25',56,'.jpg','1');
/*!40000 ALTER TABLE `accounts` ENABLE KEYS */;
UNLOCK TABLES;

--
-- Table structure for table `comments`
--

DROP TABLE IF EXISTS `comments`;
/*!40101 SET @saved_cs_client     = @@character_set_client */;
/*!40101 SET character_set_client = utf8 */;
CREATE TABLE `comments` (
  `account_id` int(11) NOT NULL DEFAULT '0',
  `post_datetime` timestamp NOT NULL DEFAULT CURRENT_TIMESTAMP ON UPDATE CURRENT_TIMESTAMP,
  `post_id` int(11) DEFAULT NULL,
  `text` varchar(3000) NOT NULL,
  PRIMARY KEY (`account_id`,`post_datetime`)
) ENGINE=InnoDB DEFAULT CHARSET=utf8;
/*!40101 SET character_set_client = @saved_cs_client */;

--
-- Dumping data for table `comments`
--

LOCK TABLES `comments` WRITE;
/*!40000 ALTER TABLE `comments` DISABLE KEYS */;
INSERT INTO `comments` VALUES (1,'2013-08-24 06:59:00',1,'こんにちは、今枝稔晴です！00000000000001'),(1,'2014-02-01 03:30:56',57,'テストです！'),(1,'2014-02-01 08:26:03',58,'コメント'),(1,'2014-02-01 08:27:06',58,'コメント'),(1,'2014-02-01 08:29:37',58,'ddd'),(1,'2014-02-01 08:30:38',58,'コメントfirefox'),(1,'2014-02-01 08:30:55',58,'sdf'),(1,'2014-02-01 08:31:44',58,'コメントだよ！'),(1,'2014-02-01 08:33:47',58,'あああ'),(1,'2014-02-01 08:34:50',56,'てすと'),(1,'2014-02-01 08:35:33',56,'ほいほい'),(1,'2014-02-01 08:38:20',58,'テスト'),(1,'2014-02-01 08:39:07',59,'ss'),(1,'2014-02-01 08:40:40',59,'へぇ〜'),(1,'2014-02-01 08:41:14',59,'コメント'),(1,'2014-02-01 08:42:22',59,'っっｊ'),(1,'2014-02-01 08:44:57',55,'コメント'),(1,'2014-02-01 08:45:10',57,'コメント'),(1,'2014-02-01 08:46:40',59,'ほほほ！'),(1,'2014-02-02 12:34:40',59,'コメント挿入テスト'),(1,'2014-02-02 12:35:52',59,'コメント挿入テスト'),(1,'2014-02-02 12:39:20',59,'米米挿入'),(1,'2014-02-02 12:41:54',58,'八豊！'),(1,'2014-02-02 12:42:16',57,'ほほ'),(1,'2014-02-02 12:44:06',58,'投稿'),(1,'2014-02-02 15:20:32',65,'lkjlkj\nkkj'),(1,'2014-02-02 15:21:15',65,'kjkjkj'),(1,'2014-02-02 15:23:15',55,'lllll'),(1,'2014-02-02 15:26:23',65,'ほいほい！'),(1,'2014-02-02 15:26:37',55,'ほいひお'),(1,'2014-02-02 15:27:56',55,'ほほ'),(1,'2014-02-02 15:31:17',64,'っっっｓ'),(1,'2014-02-02 15:32:01',64,'ほげほげ'),(1,'2014-02-02 15:32:16',56,'hogehoge'),(1,'2014-02-02 15:32:25',38,'ほｇへおげ'),(1,'2014-02-02 15:32:44',33,'hogehoge'),(1,'2014-02-02 15:32:59',65,'hogehoge\n'),(1,'2014-02-02 15:33:30',54,'sssss'),(1,'2014-02-02 15:43:25',55,'kkkk'),(1,'2014-02-02 15:43:40',65,'おおおおお'),(1,'2014-02-02 15:44:05',66,'っっっｌ'),(1,'2014-02-02 15:49:19',66,'コメント'),(1,'2014-02-02 15:59:01',44,'ほげほげ'),(1,'2014-02-02 16:00:15',60,'ほげほげほげ'),(1,'2014-02-02 16:01:18',66,'投稿!'),(1,'2014-02-02 16:08:06',64,'コメント！'),(1,'2014-02-03 05:11:59',67,'全くです！'),(1,'2014-02-03 05:14:25',68,'私もこれを使ってます。わかりやすいですよね＾＾'),(1,'2014-02-03 05:31:44',47,'本当に体調には気をつけましょう！！'),(1,'2014-02-04 03:41:51',60,'コメントだよ'),(1,'2014-02-05 23:11:15',69,'その参考書使ってます。'),(1,'2014-02-05 23:14:02',68,'hogehoge'),(1,'2014-02-05 23:16:02',71,'使ってます'),(1,'2014-02-05 23:17:15',72,'使ってます'),(1,'2014-02-05 23:25:56',72,'コメント'),(1,'2014-02-05 23:41:00',72,'コメント'),(1,'2014-02-06 07:03:24',81,'それ、私もつかっています'),(1,'2014-02-13 23:28:09',84,'これ本当に便利なんですよね'),(1,'2014-02-13 23:29:04',83,'便利！'),(1,'2014-02-13 23:30:14',84,'s'),(1,'2014-02-13 23:33:25',84,'ss'),(1,'2014-02-13 23:33:53',82,'いいです'),(1,'2014-02-13 23:35:53',84,'テスト'),(1,'2014-02-13 23:37:49',81,'テスト'),(1,'2014-02-13 23:39:11',83,'ほんとに便利なんです'),(1,'2014-02-13 23:40:01',85,'良かった'),(1,'2014-02-13 23:48:05',86,'高かったけど役立ってます！'),(1,'2014-02-13 23:51:03',87,'明日も頑張れるかな'),(1,'2014-02-14 02:29:54',89,'それ私も使っています'),(1,'2014-02-14 05:08:51',90,'それ私も使っています'),(1,'2014-02-14 05:35:05',91,'それ私も使っています'),(1,'2014-02-14 05:45:44',92,'それ私も使っています'),(1,'2014-02-14 06:02:28',93,'それ私も使っています'),(1,'2014-02-14 06:26:20',94,'それ私も使っています'),(1,'2014-02-14 06:45:50',96,'それ私も使っています'),(1,'2014-02-14 06:56:35',97,'それ私も使っています'),(1,'2014-02-19 09:06:43',98,'それ私も使っています'),(1,'2014-02-19 09:15:04',99,'それ私も使っています'),(1,'2014-02-19 09:25:33',100,'それ私も使っています'),(1,'2014-02-19 09:34:21',101,'それ私も使っています'),(1,'2014-02-26 06:50:10',104,'外出したくなりますよね( ´∀｀)'),(1,'2014-02-26 06:52:02',101,'hogehoge'),(2,'2014-02-01 03:34:05',57,'Macの壁紙ですね( ´∀｀)'),(2,'2014-02-02 12:56:59',59,'頑張っていますね！'),(2,'2014-02-03 05:11:13',67,'ですよね。午前の勉強をしっかりしないと受かりませんしね。'),(2,'2014-02-03 05:33:11',68,'はい、とても役立ってます！');
/*!40000 ALTER TABLE `comments` ENABLE KEYS */;
UNLOCK TABLES;

--
-- Table structure for table `demands`
--

DROP TABLE IF EXISTS `demands`;
/*!40101 SET @saved_cs_client     = @@character_set_client */;
/*!40101 SET character_set_client = utf8 */;
CREATE TABLE `demands` (
  `id` int(11) NOT NULL AUTO_INCREMENT,
  `account_id` int(11) NOT NULL,
  `qname` varchar(100) NOT NULL,
  `done` char(1) DEFAULT '0',
  PRIMARY KEY (`id`,`qname`)
) ENGINE=InnoDB AUTO_INCREMENT=3 DEFAULT CHARSET=utf8;
/*!40101 SET character_set_client = @saved_cs_client */;

--
-- Dumping data for table `demands`
--

LOCK TABLES `demands` WRITE;
/*!40000 ALTER TABLE `demands` DISABLE KEYS */;
INSERT INTO `demands` VALUES (1,1,'ITパスポート','0'),(2,1,'ITパスポート','0');
/*!40000 ALTER TABLE `demands` ENABLE KEYS */;
UNLOCK TABLES;

--
-- Table structure for table `friends`
--

DROP TABLE IF EXISTS `friends`;
/*!40101 SET @saved_cs_client     = @@character_set_client */;
/*!40101 SET character_set_client = utf8 */;
CREATE TABLE `friends` (
  `id` int(11) NOT NULL AUTO_INCREMENT,
  `my_id` int(11) DEFAULT NULL,
  `account_id` int(11) DEFAULT NULL,
  PRIMARY KEY (`id`)
) ENGINE=InnoDB AUTO_INCREMENT=58 DEFAULT CHARSET=utf8;
/*!40101 SET character_set_client = @saved_cs_client */;

--
-- Dumping data for table `friends`
--

LOCK TABLES `friends` WRITE;
/*!40000 ALTER TABLE `friends` DISABLE KEYS */;
INSERT INTO `friends` VALUES (4,2,1),(52,1,3),(57,1,2);
/*!40000 ALTER TABLE `friends` ENABLE KEYS */;
UNLOCK TABLES;

--
-- Table structure for table `mytargets`
--

DROP TABLE IF EXISTS `mytargets`;
/*!40101 SET @saved_cs_client     = @@character_set_client */;
/*!40101 SET character_set_client = utf8 */;
CREATE TABLE `mytargets` (
  `account_id` int(11) NOT NULL DEFAULT '0',
  `target_id` int(11) NOT NULL DEFAULT '0',
  PRIMARY KEY (`account_id`,`target_id`)
) ENGINE=InnoDB DEFAULT CHARSET=utf8;
/*!40101 SET character_set_client = @saved_cs_client */;

--
-- Dumping data for table `mytargets`
--

LOCK TABLES `mytargets` WRITE;
/*!40000 ALTER TABLE `mytargets` DISABLE KEYS */;
INSERT INTO `mytargets` VALUES (1,1),(1,5),(2,1),(3,1),(4,1),(5,1);
/*!40000 ALTER TABLE `mytargets` ENABLE KEYS */;
UNLOCK TABLES;

--
-- Table structure for table `posts`
--

DROP TABLE IF EXISTS `posts`;
/*!40101 SET @saved_cs_client     = @@character_set_client */;
/*!40101 SET character_set_client = utf8 */;
CREATE TABLE `posts` (
  `id` int(11) NOT NULL AUTO_INCREMENT,
  `account_id` int(11) DEFAULT NULL,
  `post_datetime` timestamp NOT NULL DEFAULT CURRENT_TIMESTAMP ON UPDATE CURRENT_TIMESTAMP,
  `text` varchar(3000) DEFAULT NULL,
  `img_ext` varchar(10) DEFAULT NULL,
  `tmp` int(11) DEFAULT NULL,
  PRIMARY KEY (`id`)
) ENGINE=InnoDB AUTO_INCREMENT=105 DEFAULT CHARSET=utf8;
/*!40101 SET character_set_client = @saved_cs_client */;

--
-- Dumping data for table `posts`
--

LOCK TABLES `posts` WRITE;
/*!40000 ALTER TABLE `posts` DISABLE KEYS */;
INSERT INTO `posts` VALUES (1,1,'2013-08-24 06:59:00','今日はセキュリティを勉強しました。',NULL,NULL),(2,1,'2013-08-24 06:59:01','今日はセキュリティを勉強しました。',NULL,NULL),(3,1,'2013-08-24 06:59:02','今日はセキュリティを勉強しました。',NULL,NULL),(4,1,'2013-08-24 06:59:03','今日はセキュリティを勉強しました。',NULL,NULL),(5,1,'2013-08-24 06:59:04','今日はセキュリティを勉強しました。',NULL,NULL),(6,1,'2013-08-24 06:59:05','今日はセキュリティを勉強しました。',NULL,NULL),(7,1,'2013-08-24 06:59:06','今日はセキュリティを勉強しました。',NULL,NULL),(8,1,'2013-08-24 06:59:07','今日はセキュリティを勉強しました。',NULL,NULL),(9,1,'2013-08-24 06:59:08','今日はセキュリティを勉強しました。',NULL,NULL),(10,1,'2013-08-24 06:59:09','今日はセキュリティを勉強しました。',NULL,NULL),(11,1,'2013-08-24 06:59:10','今日はセキュリティを勉強しました。',NULL,NULL),(12,1,'2013-08-24 06:59:11','今日はセキュリティを勉強しました。',NULL,NULL),(13,1,'2013-08-24 06:59:12','今日はセキュリティを勉強しました。',NULL,NULL),(14,1,'2013-08-24 06:59:13','今日はセキュリティを勉強しました。',NULL,NULL),(15,1,'2013-08-24 06:59:14','今日はセキュリティを勉強しました。',NULL,NULL),(16,1,'2013-08-24 06:59:15','今日はセキュリティを勉強しました。',NULL,NULL),(17,1,'2013-08-24 06:59:16','今日はセキュリティを勉強しました。',NULL,NULL),(18,1,'2013-08-24 06:59:17','今日はセキュリティを勉強しました。',NULL,NULL),(19,1,'2013-08-24 06:59:18','今日はセキュリティを勉強しました。',NULL,NULL),(20,1,'2013-08-24 06:59:19','今日はセキュリティを勉強しました。',NULL,NULL),(21,1,'2013-08-24 06:59:20','今日はセキュリティを勉強しました。',NULL,NULL),(22,1,'2013-08-24 06:59:21','今日はセキュリティを勉強しました。',NULL,NULL),(23,1,'2013-08-24 06:59:22','今日はセキュリティを勉強しました。',NULL,NULL),(24,1,'2013-08-24 06:59:23','今日はセキュリティを勉強しました。',NULL,NULL),(25,1,'2013-08-24 06:59:24','今日はセキュリティを勉強しました。',NULL,NULL),(26,1,'2013-08-24 06:59:25','今日はセキュリティを勉強しました。',NULL,NULL),(27,1,'2013-08-24 06:59:26','今日はセキュリティを勉強しました。',NULL,NULL),(28,1,'2013-08-24 06:59:27','今日はセキュリティを勉強しました。',NULL,NULL),(29,1,'2013-08-24 06:59:28','今日はセキュリティを勉強しました。',NULL,NULL),(30,1,'2013-08-24 06:59:29','今日はセキュリティを勉強しました。',NULL,NULL),(31,1,'2013-08-24 06:59:30','今日はセキュリティを勉強しました。',NULL,NULL),(32,1,'2013-08-24 06:59:31','今日はセキュリティを勉強しました。',NULL,NULL),(33,1,'2013-08-24 06:59:32','今日はセキュリティを勉強しました。',NULL,NULL),(34,1,'2013-08-24 06:59:33','今日はセキュリティを勉強しました。',NULL,NULL),(35,1,'2013-08-24 06:59:34','今日はセキュリティを勉強しました。',NULL,NULL),(36,1,'2013-08-24 06:59:35','今日はセキュリティを勉強しました。',NULL,NULL),(37,1,'2013-08-24 06:59:36','今日はセキュリティを勉強しました。',NULL,NULL),(38,1,'2013-08-24 06:59:37','今日はセキュリティを勉強しました。',NULL,NULL),(39,1,'2013-08-24 06:59:38','今日はセキュリティを勉強しました。',NULL,NULL),(40,1,'2013-08-24 06:59:39','今日はセキュリティを勉強しました。',NULL,NULL),(41,1,'2013-08-24 06:59:40','今日はセキュリティを勉強しました。',NULL,NULL),(42,1,'2013-08-24 06:59:41','今日はセキュリティを勉強しました。',NULL,NULL),(43,1,'2013-08-24 06:59:42','今日はセキュリティを勉強しました。',NULL,NULL),(44,1,'2013-08-24 06:59:43','今日はセキュリティを勉強しました。',NULL,NULL),(45,1,'2013-08-24 06:59:44','今日はセキュリティを勉強しました。',NULL,NULL),(46,1,'2013-08-24 06:59:45','今日はセキュリティを勉強しました。',NULL,NULL),(47,4,'2013-08-24 06:59:46','試験まであと2日ですね。体調には気をつけてすごそう。',NULL,NULL),(48,4,'2013-08-24 06:59:47','今日も頑張りましょう！',NULL,NULL),(49,2,'2013-08-24 06:59:48','今日はセキュリティを勉強しました。',NULL,NULL),(50,5,'2013-08-24 06:59:49','模試の結果はさんざんだった。...気分転換しよ',NULL,NULL),(51,4,'2013-08-24 06:59:50','合格しましたーーー！',NULL,NULL),(52,1,'2013-08-24 06:59:51','今日はセキュリティを勉強しました。',NULL,NULL),(53,3,'2013-08-24 06:59:52','僕も合格しました！',NULL,NULL),(54,1,'2014-01-22 08:53:46','sdfsdf',NULL,159393494),(55,1,'2014-01-27 08:53:25','テスト',NULL,1985394311),(56,1,'2014-01-29 07:35:12','てすてす！',NULL,616242576),(57,1,'2014-01-29 08:18:21','','.jpg',1888325309),(58,1,'2014-02-01 08:23:04','投稿しますよ！',NULL,135958314),(59,1,'2014-02-01 08:37:59','テストですよ！',NULL,220217476),(60,1,'2014-02-02 15:15:38','投稿',NULL,1971018774),(61,1,'2014-02-02 15:16:34','てすてす',NULL,1078268379),(62,1,'2014-02-02 15:17:43','っっっっｓ',NULL,25297642),(63,1,'2014-02-02 15:18:28','ほいほい！',NULL,679707595),(64,1,'2014-02-02 15:18:53','はあいい',NULL,1519990006),(65,1,'2014-02-02 15:19:19','sdsdf',NULL,1876156105),(66,1,'2014-02-02 15:43:51','投稿だよ！',NULL,79947751),(67,1,'2014-02-03 05:05:45','基本情報の午前免除って無いほうが合格率上がると思うんだよね( ﾟдﾟ)ﾎﾟｶｰﾝ',NULL,1582146266),(68,2,'2014-02-03 05:13:52','新しく参考書を買ってみました!!','.jpg',1347481381),(69,1,'2014-02-05 23:10:49','新しく参考書を買ってみました!!','.jpg',1799529945),(70,1,'2014-02-05 23:15:02','新しく参考書を買ってみました!!','.jpg',975780295),(71,1,'2014-02-05 23:15:52','新しく参考書を買ってみました!!','.jpg',49947159),(72,1,'2014-02-05 23:16:57','新しく参考書を買ってみました!!','.jpg',632585845),(73,1,'2014-02-05 23:25:43','新しく参考書を買ってみました!!','.jpg',1953511424),(74,1,'2014-02-05 23:40:42','新しく参考書を買ってみました!!','.jpg',135836451),(75,1,'2014-02-06 01:59:06','ｊｈｊｈｊｈ\r\n',NULL,262016535),(76,1,'2014-02-06 02:28:35','新しく参考書を買ってみました!!','.jpg',775285096),(78,1,'2014-02-06 02:55:48','新しく参考書を買ってみました!!','.jpg',1522919612),(79,1,'2014-02-06 03:58:38','新しく参考書を買ってみました!!','.jpg',1744350217),(80,1,'2014-02-06 04:16:03','ここ','.jpg',2119629728),(81,1,'2014-02-06 05:07:28','新しく参考書を買ってみました!!','.jpg',1036308393),(82,1,'2014-02-06 07:03:03','新しく参考書を買ってみました!!','.jpg',938367516),(83,1,'2014-02-06 07:12:31','新しく参考書を買ってみました!!','.jpg',796297600),(84,1,'2014-02-06 07:37:54','新しく参考書を買ってみました!!','.jpg',809654681),(85,1,'2014-02-13 23:39:38','新しく参考書を買ってみました!!',NULL,262802595),(86,1,'2014-02-13 23:47:38','新しく参考書を買ってみました!!','.jpg',1244374419),(87,1,'2014-02-13 23:50:49','今日もがんばった！',NULL,1754001480),(88,2,'2014-02-13 23:55:20','最近本当に寒いですよね。\r\n風邪引かないように頑張りましょう！',NULL,144526643),(89,1,'2014-02-14 02:29:38','新しく参考書を買ってみました!!','.jpg',1604323001),(90,1,'2014-02-14 05:08:29','新しく参考書を買ってみました!!','.jpg',2117312210),(91,1,'2014-02-14 05:34:48','新しく参考書を買ってみました!!','.jpg',864004510),(92,1,'2014-02-14 05:45:23','新しく参考書を買ってみました!!','.jpg',164932964),(93,1,'2014-02-14 06:02:10','新しく参考書を買ってみました!!','.jpg',751501342),(94,1,'2014-02-14 06:26:06','新しく参考書を買ってみました!!','.jpg',210616560),(95,1,'2014-02-14 06:45:31','新しく参考書を買ってみました!!','.jpg',243246567),(96,1,'2014-02-14 06:45:31','新しく参考書を買ってみました!!','.jpg',238688171),(97,1,'2014-02-14 06:56:14','新しく参考書を買ってみました!!','.jpg',1438331220),(98,1,'2014-02-19 09:06:26','こんな参考書を買いました！','.jpg',1336811654),(99,1,'2014-02-19 09:14:46','こんな参考書を買いました！','.jpg',1711632131),(100,1,'2014-02-19 09:25:19','こんな参考書を買いました！','.jpg',2048885122),(101,1,'2014-02-19 09:34:08','こんな参考書を買いました！','.jpg',15415348),(102,2,'2014-02-19 09:36:51','bgfhgfhgf',NULL,148132460),(103,1,'2014-02-26 06:47:04','こんな参考書買いました！','.jpg',1380939354),(104,2,'2014-02-26 06:47:52','今日はいい天気だけど、図書館こもってがんばりますよー！',NULL,961286280);
/*!40000 ALTER TABLE `posts` ENABLE KEYS */;
UNLOCK TABLES;

--
-- Table structure for table `studylogs`
--

DROP TABLE IF EXISTS `studylogs`;
/*!40101 SET @saved_cs_client     = @@character_set_client */;
/*!40101 SET character_set_client = utf8 */;
CREATE TABLE `studylogs` (
  `id` int(11) NOT NULL AUTO_INCREMENT,
  `account_id` int(11) DEFAULT NULL,
  `date` date DEFAULT NULL,
  `text` varchar(3000) DEFAULT NULL,
  PRIMARY KEY (`id`)
) ENGINE=InnoDB AUTO_INCREMENT=58 DEFAULT CHARSET=utf8;
/*!40101 SET character_set_client = @saved_cs_client */;

--
-- Dumping data for table `studylogs`
--

LOCK TABLES `studylogs` WRITE;
/*!40000 ALTER TABLE `studylogs` DISABLE KEYS */;
INSERT INTO `studylogs` VALUES (1,1,'2013-11-25','昨日は途中で居眠りしてしまった。\n明日は勉強時間を有効に使いたい。'),(2,1,'2013-11-26','昨日は途中で居眠りしてしまった。\n明日は勉強時間を有効に使いたい。'),(3,1,'2013-11-27','昨日は途中で居眠りしてしまった。\n明日は勉強時間を有効に使いたい。'),(4,1,'2013-11-28','昨日は途中で居眠りしてしまった。\n明日は勉強時間を有効に使いたい。'),(5,1,'2013-11-29','昨日は途中で居眠りしてしまった。\n明日は勉強時間を有効に使いたい。'),(6,1,'2013-11-30','昨日は途中で居眠りしてしまった。\n明日は勉強時間を有効に使いたい。'),(7,1,'2013-12-01','昨日は途中で居眠りしてしまった。\n明日は勉強時間を有効に使いたい。'),(8,1,'2013-12-02','昨日は途中で居眠りしてしまった。\n明日は勉強時間を有効に使いたい。'),(9,1,'2013-12-03','昨日は途中で居眠りしてしまった。\n明日は勉強時間を有効に使いたい。'),(10,1,'2013-12-04','昨日は途中で居眠りしてしまった。\n明日は勉強時間を有効に使いたい。'),(11,1,'2013-12-05','昨日は途中で居眠りしてしまった。\n明日は勉強時間を有効に使いたい。'),(12,1,'2013-12-06','昨日は途中で居眠りしてしまった。\n明日は勉強時間を有効に使いたい。'),(13,1,'2013-12-07','昨日は途中で居眠りしてしまった。\n明日は勉強時間を有効に使いたい。'),(14,1,'2013-12-08','昨日は途中で居眠りしてしまった。\n明日は勉強時間を有効に使いたい。'),(15,1,'2013-12-09','昨日は途中で居眠りしてしまった。\n明日は勉強時間を有効に使いたい。'),(16,1,'2013-12-10','昨日は途中で居眠りしてしまった。\n明日は勉強時間を有効に使いたい。'),(17,1,'2013-12-11','今日は思いの外勉強がはかどりました。明日も油断せずに学習します。'),(18,2,'2013-12-11','今日は思いの外勉強がはかどりました。明日も油断せずに学習します。'),(19,2,'2014-02-13','空き時間もこまめにつかって結構勉強できたと思う。明日もこの調子で頑張るぞ！'),(20,1,'2014-02-03','頑張ったよｐ\n'),(21,4,'2014-02-03','今日は集中して勉強できた。最近風邪が流行っているので体調管理に気をつけて勉強を進めたい。'),(28,1,'2014-02-05','今日は集中して勉強できた。明日のこの調子で頑張るぞ！'),(45,1,'2014-02-06','今日はしっかりがんばった！！'),(46,2,'2014-02-18','ちょっと今日は気を抜いて1時間ほどゲームをやってしまった。明日は気を抜かずに頑張るぞ！'),(50,1,'2014-02-19','今日も頑張った！'),(51,2,'2014-02-25','今日は野球の練習でしたが、スキマ時間を有効活用できたと思います。'),(56,1,'2014-03-06','今日も頑張りました！'),(57,2,'2014-03-06','今日は居眠りした回数が多かった。しかしお陰で集中した状態で問題を解けた感じがする。');
/*!40000 ALTER TABLE `studylogs` ENABLE KEYS */;
UNLOCK TABLES;

--
-- Table structure for table `studytimes`
--

DROP TABLE IF EXISTS `studytimes`;
/*!40101 SET @saved_cs_client     = @@character_set_client */;
/*!40101 SET character_set_client = utf8 */;
CREATE TABLE `studytimes` (
  `studylog_id` int(11) NOT NULL DEFAULT '0',
  `target_id` int(11) NOT NULL DEFAULT '0',
  `time` int(11) DEFAULT '0',
  PRIMARY KEY (`studylog_id`,`target_id`)
) ENGINE=InnoDB DEFAULT CHARSET=utf8;
/*!40101 SET character_set_client = @saved_cs_client */;

--
-- Dumping data for table `studytimes`
--

LOCK TABLES `studytimes` WRITE;
/*!40000 ALTER TABLE `studytimes` DISABLE KEYS */;
INSERT INTO `studytimes` VALUES (1,1,120),(1,2,45),(2,1,60),(2,2,30),(3,1,60),(3,2,400),(13,1,60),(13,2,400),(14,1,60),(14,2,400),(15,1,200),(15,2,0),(16,1,0),(16,2,400),(17,1,300),(17,2,200),(18,1,300),(18,2,100),(19,1,360),(20,1,270),(20,2,180),(20,4,180),(20,5,150),(21,1,420),(22,1,180),(22,2,120),(22,4,0),(22,5,0),(25,1,240),(25,2,180),(25,4,150),(25,5,360),(26,1,240),(26,2,90),(26,4,330),(26,5,150),(27,1,240),(27,2,90),(27,4,150),(27,5,150),(28,1,330),(28,2,30),(28,4,30),(28,5,300),(29,1,180),(29,5,210),(30,1,300),(30,5,210),(31,1,150),(31,5,210),(32,1,60),(32,2,180),(32,5,180),(33,1,120),(33,2,240),(33,5,180),(34,1,150),(34,2,120),(34,5,90),(35,1,90),(35,2,0),(35,4,90),(35,5,120),(36,1,270),(36,2,60),(36,5,120),(37,1,120),(37,2,180),(37,5,120),(38,1,90),(38,2,0),(38,4,60),(38,5,0),(39,1,120),(39,2,90),(39,5,120),(40,1,60),(40,2,90),(40,5,120),(41,1,90),(41,2,90),(41,5,60),(42,1,120),(42,2,210),(42,5,60),(43,1,150),(43,2,150),(43,5,150),(44,1,60),(44,2,90),(44,5,150),(45,1,210),(45,2,60),(45,5,60),(46,1,180),(46,5,150),(47,1,150),(47,5,210),(48,1,210),(48,5,210),(49,1,180),(49,5,90),(50,1,270),(50,5,90),(51,1,180),(51,5,120),(52,1,120),(52,5,210),(53,1,240),(53,5,90),(54,1,90),(54,5,240),(55,1,90),(55,5,180),(56,1,120),(56,5,210),(57,1,360);
/*!40000 ALTER TABLE `studytimes` ENABLE KEYS */;
UNLOCK TABLES;

--
-- Table structure for table `targets`
--

DROP TABLE IF EXISTS `targets`;
/*!40101 SET @saved_cs_client     = @@character_set_client */;
/*!40101 SET character_set_client = utf8 */;
CREATE TABLE `targets` (
  `id` int(11) NOT NULL AUTO_INCREMENT,
  `name` varchar(50) NOT NULL,
  `date` date NOT NULL,
  PRIMARY KEY (`id`)
) ENGINE=InnoDB AUTO_INCREMENT=6 DEFAULT CHARSET=utf8;
/*!40101 SET character_set_client = @saved_cs_client */;

--
-- Dumping data for table `targets`
--

LOCK TABLES `targets` WRITE;
/*!40000 ALTER TABLE `targets` DISABLE KEYS */;
INSERT INTO `targets` VALUES (1,'応用情報処理技術者試験','2013-10-20'),(2,'基本情報処理技術者試験','2013-10-20'),(3,'センター試験','2014-01-18'),(4,'簿記能力検定試験','2014-07-14'),(5,'TOIEC公開テスト','2014-03-16');
/*!40000 ALTER TABLE `targets` ENABLE KEYS */;
UNLOCK TABLES;

--
-- Table structure for table `todo`
--

DROP TABLE IF EXISTS `todo`;
/*!40101 SET @saved_cs_client     = @@character_set_client */;
/*!40101 SET character_set_client = utf8 */;
CREATE TABLE `todo` (
  `id` int(11) NOT NULL AUTO_INCREMENT,
  `account_id` int(11) DEFAULT NULL,
  `date` date DEFAULT NULL,
  `target_id` int(11) DEFAULT NULL,
  `text` varchar(1000) DEFAULT NULL,
  `done` char(1) DEFAULT '0',
  `tmp` int(11) DEFAULT NULL,
  PRIMARY KEY (`id`)
) ENGINE=InnoDB AUTO_INCREMENT=61 DEFAULT CHARSET=utf8;
/*!40101 SET character_set_client = @saved_cs_client */;

--
-- Dumping data for table `todo`
--

LOCK TABLES `todo` WRITE;
/*!40000 ALTER TABLE `todo` DISABLE KEYS */;
INSERT INTO `todo` VALUES (1,1,'2013-11-25',1,'応用情報の参考書を20ページ分終わらせる','1',NULL),(2,1,'2013-11-25',1,'応用情報の参考書を21ページ分終わらせる','1',NULL),(3,1,'2013-11-25',1,'応用情報の参考書を22ページ分終わらせる','0',NULL),(4,1,'2013-11-25',1,'応用情報の参考書を23ページ分終わらせる','0',NULL),(5,1,'2013-11-25',2,'基本情報の参考書を24ページ分終わらせる','0',NULL),(6,1,'2013-11-25',2,'基本情報の参考書を25ページ分終わらせる','0',NULL),(7,1,'2013-12-08',1,'応用情報の参考書を26ページ分終わらせる','1',NULL),(8,1,'2013-12-08',1,'応用情報の参考書を27ページ分終わらせる','1',NULL),(9,1,'2013-12-08',1,'応用情報の参考書を28ページ分終わらせる','0',NULL),(10,1,'2013-12-08',1,'応用情報の参考書を29ページ分終わらせる','0',NULL),(11,1,'2013-12-08',2,'基本情報の参考書を30ページ分終わらせる','0',NULL),(12,1,'2013-12-08',2,'基本情報の参考書を31ページ分終わらせる','0',NULL),(13,1,'2013-12-08',1,'応用情報の参考書を32ページ分終わらせる','1',NULL),(14,1,'2013-12-08',1,'応用情報の参考書を33ページ分終わらせる','1',NULL),(15,1,'2013-12-08',1,'応用情報の参考書を34ページ分終わらせる','0',NULL),(16,1,'2013-12-08',1,'応用情報の参考書を35ページ分終わらせる','0',NULL),(17,1,'2013-12-08',2,'基本情報の参考書を36ページ分終わらせる','0',NULL),(18,1,'2014-01-29',4,'ほげほげ','0',767631),(19,1,'2014-02-03',1,'問題集を3ページ','1',729647),(20,1,'2014-02-03',1,'教科書読み','1',343474),(21,2,'2014-02-02',1,'問題集を3ページ進める','0',423609),(22,1,'2014-02-03',2,'やること','1',482380),(23,4,'2014-02-04',1,'問題集を10ページ進める','1',122698),(24,4,'2014-02-04',1,'機能の復習','1',693164),(26,1,'2014-02-05',1,'やること','0',486468),(44,1,'2014-02-06',1,'やること','1',66357),(45,1,'2014-02-14',1,'やること','1',665202),(46,1,'2014-02-14',1,'やること','1',838906),(47,1,'2014-02-14',1,'こここ','1',781913),(48,1,'2014-02-14',5,'きょうやること','1',541197),(49,1,'2014-02-14',5,'やることだよ','1',740634),(50,2,'2014-02-18',1,'参考書を10ページ','1',652760),(51,1,'2014-02-19',1,'やること','1',158978),(52,1,'2014-02-19',1,'やることっっっｐ','1',48705),(53,1,'2014-02-19',1,'やることととととｔ','1',911303),(54,1,'2014-02-19',5,'やること！！！！！','1',907805),(55,2,'2014-02-26',1,'応用情報の問題集を10ページ進める','1',652864),(56,1,'2014-02-26',1,'応用情報参考書を10ページ読む','0',773320),(57,1,'2014-02-26',5,'英単語を30個暗記','0',904986),(58,1,'2014-03-06',1,'やること！','1',452200),(59,2,'2014-03-06',1,'インフォテックサーブの特別講義の復習','0',781508),(60,2,'2014-03-06',1,'問題集5ページ進める','0',252526);
/*!40000 ALTER TABLE `todo` ENABLE KEYS */;
UNLOCK TABLES;
/*!40103 SET TIME_ZONE=@OLD_TIME_ZONE */;

/*!40101 SET SQL_MODE=@OLD_SQL_MODE */;
/*!40014 SET FOREIGN_KEY_CHECKS=@OLD_FOREIGN_KEY_CHECKS */;
/*!40014 SET UNIQUE_CHECKS=@OLD_UNIQUE_CHECKS */;
/*!40101 SET CHARACTER_SET_CLIENT=@OLD_CHARACTER_SET_CLIENT */;
/*!40101 SET CHARACTER_SET_RESULTS=@OLD_CHARACTER_SET_RESULTS */;
/*!40101 SET COLLATION_CONNECTION=@OLD_COLLATION_CONNECTION */;
/*!40111 SET SQL_NOTES=@OLD_SQL_NOTES */;

-- Dump completed on 2014-03-07 20:01:12
